Location,Offense_Category,Volume
Abandoned_Condemned Structure,Assault,757
Abandoned_Condemned Structure,Homicide,8
Abandoned_Condemned Structure,Human Trafficking,0
Abandoned_Condemned Structure,Kidnapping_Abduction,23
Abandoned_Condemned Structure,Sex,130
Abandoned_Condemned Structure,Arson,267
Abandoned_Condemned Structure,Bribery,2
Abandoned_Condemned Structure,Burglary/Breaking & Entering,1197
Abandoned_Condemned Structure,Counterfeiting/Forgery,17
Abandoned_Condemned Structure,Destruction/Damage/Vandalism ,1361
Abandoned_Condemned Structure,Embezzlement,3
Abandoned_Condemned Structure,Extortion/Blackmail,1
Abandoned_Condemned Structure,Fraud,85
Abandoned_Condemned Structure,Larceny/Theft,939
Abandoned_Condemned Structure,Motor Vehicle Theft,149
Abandoned_Condemned Structure,Robbery,63
Abandoned_Condemned Structure,Stolen Property,44
Abandoned_Condemned Structure,Animal Cruelty,11
Abandoned_Condemned Structure,Drug/Narcotic,616
Abandoned_Condemned Structure,Gambling,1
Abandoned_Condemned Structure,Pornography/Obscene Material,1
Abandoned_Condemned Structure,Prostitution,5
Abandoned_Condemned Structure,Weapon Law Violations,78
Air/Bus/Train Terminal,Assault,5971
Air/Bus/Train Terminal,Homicide,19
Air/Bus/Train Terminal,Human Trafficking,2
Air/Bus/Train Terminal,Kidnapping_Abduction,34
Air/Bus/Train Terminal,Sex,296
Air/Bus/Train Terminal,Arson,71
Air/Bus/Train Terminal,Bribery,1
Air/Bus/Train Terminal,Burglary/Breaking & Entering,294
Air/Bus/Train Terminal,Counterfeiting/Forgery,138
Air/Bus/Train Terminal,Destruction/Damage/Vandalism ,2926
Air/Bus/Train Terminal,Embezzlement,31
Air/Bus/Train Terminal,Extortion/Blackmail,6
Air/Bus/Train Terminal,Fraud,2264
Air/Bus/Train Terminal,Larceny/Theft,6615
Air/Bus/Train Terminal,Motor Vehicle Theft,790
Air/Bus/Train Terminal,Robbery,680
Air/Bus/Train Terminal,Stolen Property,143
Air/Bus/Train Terminal,Animal Cruelty,13
Air/Bus/Train Terminal,Drug/Narcotic,3610
Air/Bus/Train Terminal,Gambling,0
Air/Bus/Train Terminal,Pornography/Obscene Material,15
Air/Bus/Train Terminal,Prostitution,17
Air/Bus/Train Terminal,Weapon Law Violations,2037
Amusement Park,Assault,574
Amusement Park,Homicide,1
Amusement Park,Human Trafficking,0
Amusement Park,Kidnapping_Abduction,5
Amusement Park,Sex,51
Amusement Park,Arson,3
Amusement Park,Bribery,0
Amusement Park,Burglary/Breaking & Entering,121
Amusement Park,Counterfeiting/Forgery,38
Amusement Park,Destruction/Damage/Vandalism ,264
Amusement Park,Embezzlement,12
Amusement Park,Extortion/Blackmail,0
Amusement Park,Fraud,88
Amusement Park,Larceny/Theft,767
Amusement Park,Motor Vehicle Theft,58
Amusement Park,Robbery,30
Amusement Park,Stolen Property,6
Amusement Park,Animal Cruelty,0
Amusement Park,Drug/Narcotic,121
Amusement Park,Gambling,0
Amusement Park,Pornography/Obscene Material,2
Amusement Park,Prostitution,0
Amusement Park,Weapon Law Violations,28
Arena/Stadium/Fairgrounds/Coliseum,Assault,639
Arena/Stadium/Fairgrounds/Coliseum,Homicide,0
Arena/Stadium/Fairgrounds/Coliseum,Human Trafficking,0
Arena/Stadium/Fairgrounds/Coliseum,Kidnapping_Abduction,0
Arena/Stadium/Fairgrounds/Coliseum,Sex,45
Arena/Stadium/Fairgrounds/Coliseum,Arson,12
Arena/Stadium/Fairgrounds/Coliseum,Bribery,0
Arena/Stadium/Fairgrounds/Coliseum,Burglary/Breaking & Entering,263
Arena/Stadium/Fairgrounds/Coliseum,Counterfeiting/Forgery,32
Arena/Stadium/Fairgrounds/Coliseum,Destruction/Damage/Vandalism ,530
Arena/Stadium/Fairgrounds/Coliseum,Embezzlement,12
Arena/Stadium/Fairgrounds/Coliseum,Extortion/Blackmail,1
Arena/Stadium/Fairgrounds/Coliseum,Fraud,69
Arena/Stadium/Fairgrounds/Coliseum,Larceny/Theft,848
Arena/Stadium/Fairgrounds/Coliseum,Motor Vehicle Theft,87
Arena/Stadium/Fairgrounds/Coliseum,Robbery,12
Arena/Stadium/Fairgrounds/Coliseum,Stolen Property,8
Arena/Stadium/Fairgrounds/Coliseum,Animal Cruelty,3
Arena/Stadium/Fairgrounds/Coliseum,Drug/Narcotic,117
Arena/Stadium/Fairgrounds/Coliseum,Gambling,0
Arena/Stadium/Fairgrounds/Coliseum,Pornography/Obscene Material,3
Arena/Stadium/Fairgrounds/Coliseum,Prostitution,0
Arena/Stadium/Fairgrounds/Coliseum,Weapon Law Violations,28
ATM Separate from Bank,Assault,138
ATM Separate from Bank,Homicide,0
ATM Separate from Bank,Human Trafficking,0
ATM Separate from Bank,Kidnapping_Abduction,10
ATM Separate from Bank,Sex,11
ATM Separate from Bank,Arson,4
ATM Separate from Bank,Bribery,0
ATM Separate from Bank,Burglary/Breaking & Entering,123
ATM Separate from Bank,Counterfeiting/Forgery,234
ATM Separate from Bank,Destruction/Damage/Vandalism ,426
ATM Separate from Bank,Embezzlement,18
ATM Separate from Bank,Extortion/Blackmail,1
ATM Separate from Bank,Fraud,2862
ATM Separate from Bank,Larceny/Theft,892
ATM Separate from Bank,Motor Vehicle Theft,27
ATM Separate from Bank,Robbery,169
ATM Separate from Bank,Stolen Property,17
ATM Separate from Bank,Animal Cruelty,1
ATM Separate from Bank,Drug/Narcotic,25
ATM Separate from Bank,Gambling,0
ATM Separate from Bank,Pornography/Obscene Material,1
ATM Separate from Bank,Prostitution,0
ATM Separate from Bank,Weapon Law Violations,14
Auto Dealership New/Used,Assault,1346
Auto Dealership New/Used,Homicide,2
Auto Dealership New/Used,Human Trafficking,0
Auto Dealership New/Used,Kidnapping_Abduction,8
Auto Dealership New/Used,Sex,26
Auto Dealership New/Used,Arson,52
Auto Dealership New/Used,Bribery,0
Auto Dealership New/Used,Burglary/Breaking & Entering,2709
Auto Dealership New/Used,Counterfeiting/Forgery,683
Auto Dealership New/Used,Destruction/Damage/Vandalism ,3616
Auto Dealership New/Used,Embezzlement,204
Auto Dealership New/Used,Extortion/Blackmail,4
Auto Dealership New/Used,Fraud,3122
Auto Dealership New/Used,Larceny/Theft,9522
Auto Dealership New/Used,Motor Vehicle Theft,7906
Auto Dealership New/Used,Robbery,89
Auto Dealership New/Used,Stolen Property,278
Auto Dealership New/Used,Animal Cruelty,4
Auto Dealership New/Used,Drug/Narcotic,502
Auto Dealership New/Used,Gambling,5
Auto Dealership New/Used,Pornography/Obscene Material,5
Auto Dealership New/Used,Prostitution,1
Auto Dealership New/Used,Weapon Law Violations,101
Bank/Savings and Loan,Assault,1704
Bank/Savings and Loan,Homicide,6
Bank/Savings and Loan,Human Trafficking,0
Bank/Savings and Loan,Kidnapping_Abduction,69
Bank/Savings and Loan,Sex,31
Bank/Savings and Loan,Arson,38
Bank/Savings and Loan,Bribery,0
Bank/Savings and Loan,Burglary/Breaking & Entering,641
Bank/Savings and Loan,Counterfeiting/Forgery,19187
Bank/Savings and Loan,Destruction/Damage/Vandalism ,2655
Bank/Savings and Loan,Embezzlement,419
Bank/Savings and Loan,Extortion/Blackmail,26
Bank/Savings and Loan,Fraud,31250
Bank/Savings and Loan,Larceny/Theft,8457
Bank/Savings and Loan,Motor Vehicle Theft,210
Bank/Savings and Loan,Robbery,1319
Bank/Savings and Loan,Stolen Property,560
Bank/Savings and Loan,Animal Cruelty,1
Bank/Savings and Loan,Drug/Narcotic,1089
Bank/Savings and Loan,Gambling,0
Bank/Savings and Loan,Pornography/Obscene Material,5
Bank/Savings and Loan,Prostitution,3
Bank/Savings and Loan,Weapon Law Violations,148
Bar/Nightclub,Assault,19463
Bar/Nightclub,Homicide,158
Bar/Nightclub,Human Trafficking,11
Bar/Nightclub,Kidnapping_Abduction,74
Bar/Nightclub,Sex,577
Bar/Nightclub,Arson,78
Bar/Nightclub,Bribery,4
Bar/Nightclub,Burglary/Breaking & Entering,2180
Bar/Nightclub,Counterfeiting/Forgery,611
Bar/Nightclub,Destruction/Damage/Vandalism ,4223
Bar/Nightclub,Embezzlement,96
Bar/Nightclub,Extortion/Blackmail,11
Bar/Nightclub,Fraud,1473
Bar/Nightclub,Larceny/Theft,9083
Bar/Nightclub,Motor Vehicle Theft,957
Bar/Nightclub,Robbery,453
Bar/Nightclub,Stolen Property,106
Bar/Nightclub,Animal Cruelty,5
Bar/Nightclub,Drug/Narcotic,1857
Bar/Nightclub,Gambling,28
Bar/Nightclub,Pornography/Obscene Material,15
Bar/Nightclub,Prostitution,27
Bar/Nightclub,Weapon Law Violations,1039
Camp/Campground,Assault,1961
Camp/Campground,Homicide,6
Camp/Campground,Human Trafficking,0
Camp/Campground,Kidnapping_Abduction,39
Camp/Campground,Sex,293
Camp/Campground,Arson,47
Camp/Campground,Bribery,0
Camp/Campground,Burglary/Breaking & Entering,574
Camp/Campground,Counterfeiting/Forgery,13
Camp/Campground,Destruction/Damage/Vandalism ,818
Camp/Campground,Embezzlement,7
Camp/Campground,Extortion/Blackmail,2
Camp/Campground,Fraud,89
Camp/Campground,Larceny/Theft,1979
Camp/Campground,Motor Vehicle Theft,246
Camp/Campground,Robbery,30
Camp/Campground,Stolen Property,64
Camp/Campground,Animal Cruelty,9
Camp/Campground,Drug/Narcotic,621
Camp/Campground,Gambling,1
Camp/Campground,Pornography/Obscene Material,3
Camp/Campground,Prostitution,2
Camp/Campground,Weapon Law Violations,124
Church/Synagogue/Temple/Mosque,Assault,2515
Church/Synagogue/Temple/Mosque,Homicide,13
Church/Synagogue/Temple/Mosque,Human Trafficking,0
Church/Synagogue/Temple/Mosque,Kidnapping_Abduction,44
Church/Synagogue/Temple/Mosque,Sex,347
Church/Synagogue/Temple/Mosque,Arson,196
Church/Synagogue/Temple/Mosque,Bribery,0
Church/Synagogue/Temple/Mosque,Burglary/Breaking & Entering,5634
Church/Synagogue/Temple/Mosque,Counterfeiting/Forgery,182
Church/Synagogue/Temple/Mosque,Destruction/Damage/Vandalism ,8700
Church/Synagogue/Temple/Mosque,Embezzlement,46
Church/Synagogue/Temple/Mosque,Extortion/Blackmail,7
Church/Synagogue/Temple/Mosque,Fraud,510
Church/Synagogue/Temple/Mosque,Larceny/Theft,8026
Church/Synagogue/Temple/Mosque,Motor Vehicle Theft,710
Church/Synagogue/Temple/Mosque,Robbery,153
Church/Synagogue/Temple/Mosque,Stolen Property,162
Church/Synagogue/Temple/Mosque,Animal Cruelty,4
Church/Synagogue/Temple/Mosque,Drug/Narcotic,1724
Church/Synagogue/Temple/Mosque,Gambling,0
Church/Synagogue/Temple/Mosque,Pornography/Obscene Material,26
Church/Synagogue/Temple/Mosque,Prostitution,5
Church/Synagogue/Temple/Mosque,Weapon Law Violations,194
Commercial/Office Building,Assault,20400
Commercial/Office Building,Homicide,85
Commercial/Office Building,Human Trafficking,21
Commercial/Office Building,Kidnapping_Abduction,182
Commercial/Office Building,Sex,820
Commercial/Office Building,Arson,670
Commercial/Office Building,Bribery,5
Commercial/Office Building,Burglary/Breaking & Entering,28553
Commercial/Office Building,Counterfeiting/Forgery,3866
Commercial/Office Building,Destruction/Damage/Vandalism ,35611
Commercial/Office Building,Embezzlement,1998
Commercial/Office Building,Extortion/Blackmail,110
Commercial/Office Building,Fraud,15527
Commercial/Office Building,Larceny/Theft,63727
Commercial/Office Building,Motor Vehicle Theft,9658
Commercial/Office Building,Robbery,1680
Commercial/Office Building,Stolen Property,966
Commercial/Office Building,Animal Cruelty,94
Commercial/Office Building,Drug/Narcotic,6020
Commercial/Office Building,Gambling,204
Commercial/Office Building,Pornography/Obscene Material,110
Commercial/Office Building,Prostitution,201
Commercial/Office Building,Weapon Law Violations,1149
Community Center,Assault,1195
Community Center,Homicide,5
Community Center,Human Trafficking,1
Community Center,Kidnapping_Abduction,9
Community Center,Sex,99
Community Center,Arson,34
Community Center,Bribery,0
Community Center,Burglary/Breaking & Entering,611
Community Center,Counterfeiting/Forgery,28
Community Center,Destruction/Damage/Vandalism ,1271
Community Center,Embezzlement,13
Community Center,Extortion/Blackmail,2
Community Center,Fraud,163
Community Center,Larceny/Theft,2111
Community Center,Motor Vehicle Theft,96
Community Center,Robbery,47
Community Center,Stolen Property,15
Community Center,Animal Cruelty,1
Community Center,Drug/Narcotic,266
Community Center,Gambling,1
Community Center,Pornography/Obscene Material,11
Community Center,Prostitution,2
Community Center,Weapon Law Violations,56
Construction Site,Assault,1259
Construction Site,Homicide,7
Construction Site,Human Trafficking,0
Construction Site,Kidnapping_Abduction,10
Construction Site,Sex,51
Construction Site,Arson,130
Construction Site,Bribery,1
Construction Site,Burglary/Breaking & Entering,8970
Construction Site,Counterfeiting/Forgery,58
Construction Site,Destruction/Damage/Vandalism ,6942
Construction Site,Embezzlement,95
Construction Site,Extortion/Blackmail,7
Construction Site,Fraud,328
Construction Site,Larceny/Theft,23114
Construction Site,Motor Vehicle Theft,1377
Construction Site,Robbery,86
Construction Site,Stolen Property,142
Construction Site,Animal Cruelty,3
Construction Site,Drug/Narcotic,528
Construction Site,Gambling,2
Construction Site,Pornography/Obscene Material,2
Construction Site,Prostitution,0
Construction Site,Weapon Law Violations,86
Convenience Store,Assault,25458
Convenience Store,Homicide,172
Convenience Store,Human Trafficking,6
Convenience Store,Kidnapping_Abduction,354
Convenience Store,Sex,346
Convenience Store,Arson,177
Convenience Store,Bribery,8
Convenience Store,Burglary/Breaking & Entering,8201
Convenience Store,Counterfeiting/Forgery,8863
Convenience Store,Destruction/Damage/Vandalism ,12114
Convenience Store,Embezzlement,1840
Convenience Store,Extortion/Blackmail,29
Convenience Store,Fraud,17534
Convenience Store,Larceny/Theft,103204
Convenience Store,Motor Vehicle Theft,5809
Convenience Store,Robbery,8235
Convenience Store,Stolen Property,1385
Convenience Store,Animal Cruelty,41
Convenience Store,Drug/Narcotic,18793
Convenience Store,Gambling,201
Convenience Store,Pornography/Obscene Material,35
Convenience Store,Prostitution,51
Convenience Store,Weapon Law Violations,2649
Cyberspace,Assault,8288
Cyberspace,Homicide,0
Cyberspace,Human Trafficking,81
Cyberspace,Kidnapping_Abduction,0
Cyberspace,Sex,0
Cyberspace,Arson,0
Cyberspace,Bribery,14
Cyberspace,Burglary/Breaking & Entering,0
Cyberspace,Counterfeiting/Forgery,827
Cyberspace,Destruction/Damage/Vandalism ,46
Cyberspace,Embezzlement,106
Cyberspace,Extortion/Blackmail,1577
Cyberspace,Fraud,59722
Cyberspace,Larceny/Theft,0
Cyberspace,Motor Vehicle Theft,0
Cyberspace,Robbery,0
Cyberspace,Stolen Property,40
Cyberspace,Animal Cruelty,0
Cyberspace,Drug/Narcotic,18
Cyberspace,Gambling,8
Cyberspace,Pornography/Obscene Material,3722
Cyberspace,Prostitution,51
Cyberspace,Weapon Law Violations,13
Daycare Facility,Assault,1392
Daycare Facility,Homicide,1
Daycare Facility,Human Trafficking,0
Daycare Facility,Kidnapping_Abduction,29
Daycare Facility,Sex,226
Daycare Facility,Arson,8
Daycare Facility,Bribery,0
Daycare Facility,Burglary/Breaking & Entering,476
Daycare Facility,Counterfeiting/Forgery,33
Daycare Facility,Destruction/Damage/Vandalism ,684
Daycare Facility,Embezzlement,13
Daycare Facility,Extortion/Blackmail,1
Daycare Facility,Fraud,111
Daycare Facility,Larceny/Theft,1099
Daycare Facility,Motor Vehicle Theft,94
Daycare Facility,Robbery,9
Daycare Facility,Stolen Property,11
Daycare Facility,Animal Cruelty,1
Daycare Facility,Drug/Narcotic,91
Daycare Facility,Gambling,1
Daycare Facility,Pornography/Obscene Material,4
Daycare Facility,Prostitution,0
Daycare Facility,Weapon Law Violations,10
Department/Discount Store,Assault,14344
Department/Discount Store,Homicide,17
Department/Discount Store,Human Trafficking,5
Department/Discount Store,Kidnapping_Abduction,176
Department/Discount Store,Sex,416
Department/Discount Store,Arson,197
Department/Discount Store,Bribery,11
Department/Discount Store,Burglary/Breaking & Entering,7979
Department/Discount Store,Counterfeiting/Forgery,6048
Department/Discount Store,Destruction/Damage/Vandalism ,8984
Department/Discount Store,Embezzlement,3075
Department/Discount Store,Extortion/Blackmail,33
Department/Discount Store,Fraud,29436
Department/Discount Store,Larceny/Theft,259184
Department/Discount Store,Motor Vehicle Theft,1880
Department/Discount Store,Robbery,4200
Department/Discount Store,Stolen Property,1647
Department/Discount Store,Animal Cruelty,77
Department/Discount Store,Drug/Narcotic,15539
Department/Discount Store,Gambling,11
Department/Discount Store,Pornography/Obscene Material,83
Department/Discount Store,Prostitution,18
Department/Discount Store,Weapon Law Violations,1699
Dock/Wharf/Freight/Modal Terminal,Assault,454
Dock/Wharf/Freight/Modal Terminal,Homicide,0
Dock/Wharf/Freight/Modal Terminal,Human Trafficking,0
Dock/Wharf/Freight/Modal Terminal,Kidnapping_Abduction,3
Dock/Wharf/Freight/Modal Terminal,Sex,14
Dock/Wharf/Freight/Modal Terminal,Arson,20
Dock/Wharf/Freight/Modal Terminal,Bribery,0
Dock/Wharf/Freight/Modal Terminal,Burglary/Breaking & Entering,212
Dock/Wharf/Freight/Modal Terminal,Counterfeiting/Forgery,14
Dock/Wharf/Freight/Modal Terminal,Destruction/Damage/Vandalism ,423
Dock/Wharf/Freight/Modal Terminal,Embezzlement,101
Dock/Wharf/Freight/Modal Terminal,Extortion/Blackmail,0
Dock/Wharf/Freight/Modal Terminal,Fraud,73
Dock/Wharf/Freight/Modal Terminal,Larceny/Theft,1521
Dock/Wharf/Freight/Modal Terminal,Motor Vehicle Theft,172
Dock/Wharf/Freight/Modal Terminal,Robbery,14
Dock/Wharf/Freight/Modal Terminal,Stolen Property,12
Dock/Wharf/Freight/Modal Terminal,Animal Cruelty,0
Dock/Wharf/Freight/Modal Terminal,Drug/Narcotic,1087
Dock/Wharf/Freight/Modal Terminal,Gambling,0
Dock/Wharf/Freight/Modal Terminal,Pornography/Obscene Material,0
Dock/Wharf/Freight/Modal Terminal,Prostitution,0
Dock/Wharf/Freight/Modal Terminal,Weapon Law Violations,21
Drug Store/Doctor's Office/Hospital,Assault,27409
Drug Store/Doctor's Office/Hospital,Homicide,40
Drug Store/Doctor's Office/Hospital,Human Trafficking,9
Drug Store/Doctor's Office/Hospital,Kidnapping_Abduction,117
Drug Store/Doctor's Office/Hospital,Sex,1900
Drug Store/Doctor's Office/Hospital,Arson,82
Drug Store/Doctor's Office/Hospital,Bribery,9
Drug Store/Doctor's Office/Hospital,Burglary/Breaking & Entering,3058
Drug Store/Doctor's Office/Hospital,Counterfeiting/Forgery,2449
Drug Store/Doctor's Office/Hospital,Destruction/Damage/Vandalism ,6838
Drug Store/Doctor's Office/Hospital,Embezzlement,360
Drug Store/Doctor's Office/Hospital,Extortion/Blackmail,23
Drug Store/Doctor's Office/Hospital,Fraud,6099
Drug Store/Doctor's Office/Hospital,Larceny/Theft,29423
Drug Store/Doctor's Office/Hospital,Motor Vehicle Theft,983
Drug Store/Doctor's Office/Hospital,Robbery,1053
Drug Store/Doctor's Office/Hospital,Stolen Property,257
Drug Store/Doctor's Office/Hospital,Animal Cruelty,41
Drug Store/Doctor's Office/Hospital,Drug/Narcotic,6676
Drug Store/Doctor's Office/Hospital,Gambling,1
Drug Store/Doctor's Office/Hospital,Pornography/Obscene Material,43
Drug Store/Doctor's Office/Hospital,Prostitution,13
Drug Store/Doctor's Office/Hospital,Weapon Law Violations,483
Farm Facility,Assault,372
Farm Facility,Homicide,8
Farm Facility,Human Trafficking,0
Farm Facility,Kidnapping_Abduction,9
Farm Facility,Sex,56
Farm Facility,Arson,67
Farm Facility,Bribery,0
Farm Facility,Burglary/Breaking & Entering,1518
Farm Facility,Counterfeiting/Forgery,27
Farm Facility,Destruction/Damage/Vandalism ,1167
Farm Facility,Embezzlement,24
Farm Facility,Extortion/Blackmail,3
Farm Facility,Fraud,118
Farm Facility,Larceny/Theft,3033
Farm Facility,Motor Vehicle Theft,724
Farm Facility,Robbery,8
Farm Facility,Stolen Property,64
Farm Facility,Animal Cruelty,92
Farm Facility,Drug/Narcotic,106
Farm Facility,Gambling,0
Farm Facility,Pornography/Obscene Material,3
Farm Facility,Prostitution,0
Farm Facility,Weapon Law Violations,32
Field/Woods,Assault,8083
Field/Woods,Homicide,240
Field/Woods,Human Trafficking,4
Field/Woods,Kidnapping_Abduction,154
Field/Woods,Sex,1277
Field/Woods,Arson,1156
Field/Woods,Bribery,2
Field/Woods,Burglary/Breaking & Entering,694
Field/Woods,Counterfeiting/Forgery,49
Field/Woods,Destruction/Damage/Vandalism ,8899
Field/Woods,Embezzlement,22
Field/Woods,Extortion/Blackmail,6
Field/Woods,Fraud,337
Field/Woods,Larceny/Theft,12693
Field/Woods,Motor Vehicle Theft,2245
Field/Woods,Robbery,751
Field/Woods,Stolen Property,716
Field/Woods,Animal Cruelty,357
Field/Woods,Drug/Narcotic,6191
Field/Woods,Gambling,2
Field/Woods,Pornography/Obscene Material,32
Field/Woods,Prostitution,74
Field/Woods,Weapon Law Violations,2121
Gambling Facility/Casino/Race Track,Assault,1760
Gambling Facility/Casino/Race Track,Homicide,7
Gambling Facility/Casino/Race Track,Human Trafficking,1
Gambling Facility/Casino/Race Track,Kidnapping_Abduction,25
Gambling Facility/Casino/Race Track,Sex,48
Gambling Facility/Casino/Race Track,Arson,13
Gambling Facility/Casino/Race Track,Bribery,0
Gambling Facility/Casino/Race Track,Burglary/Breaking & Entering,241
Gambling Facility/Casino/Race Track,Counterfeiting/Forgery,673
Gambling Facility/Casino/Race Track,Destruction/Damage/Vandalism ,629
Gambling Facility/Casino/Race Track,Embezzlement,38
Gambling Facility/Casino/Race Track,Extortion/Blackmail,1
Gambling Facility/Casino/Race Track,Fraud,946
Gambling Facility/Casino/Race Track,Larceny/Theft,3489
Gambling Facility/Casino/Race Track,Motor Vehicle Theft,391
Gambling Facility/Casino/Race Track,Robbery,222
Gambling Facility/Casino/Race Track,Stolen Property,148
Gambling Facility/Casino/Race Track,Animal Cruelty,2
Gambling Facility/Casino/Race Track,Drug/Narcotic,2057
Gambling Facility/Casino/Race Track,Gambling,382
Gambling Facility/Casino/Race Track,Pornography/Obscene Material,4
Gambling Facility/Casino/Race Track,Prostitution,268
Gambling Facility/Casino/Race Track,Weapon Law Violations,176
Government/Public Building,Assault,12244
Government/Public Building,Homicide,14
Government/Public Building,Human Trafficking,19
Government/Public Building,Kidnapping_Abduction,250
Government/Public Building,Sex,1144
Government/Public Building,Arson,250
Government/Public Building,Bribery,36
Government/Public Building,Burglary/Breaking & Entering,2355
Government/Public Building,Counterfeiting/Forgery,1786
Government/Public Building,Destruction/Damage/Vandalism ,9532
Government/Public Building,Embezzlement,220
Government/Public Building,Extortion/Blackmail,100
Government/Public Building,Fraud,12400
Government/Public Building,Larceny/Theft,10401
Government/Public Building,Motor Vehicle Theft,743
Government/Public Building,Robbery,183
Government/Public Building,Stolen Property,373
Government/Public Building,Animal Cruelty,55
Government/Public Building,Drug/Narcotic,8087
Government/Public Building,Gambling,47
Government/Public Building,Pornography/Obscene Material,1024
Government/Public Building,Prostitution,37
Government/Public Building,Weapon Law Violations,743
Grocery/Supermarket,Assault,11755
Grocery/Supermarket,Homicide,27
Grocery/Supermarket,Human Trafficking,0
Grocery/Supermarket,Kidnapping_Abduction,129
Grocery/Supermarket,Sex,300
Grocery/Supermarket,Arson,97
Grocery/Supermarket,Bribery,4
Grocery/Supermarket,Burglary/Breaking & Entering,3338
Grocery/Supermarket,Counterfeiting/Forgery,5465
Grocery/Supermarket,Destruction/Damage/Vandalism ,5378
Grocery/Supermarket,Embezzlement,1185
Grocery/Supermarket,Extortion/Blackmail,18
Grocery/Supermarket,Fraud,14613
Grocery/Supermarket,Larceny/Theft,132536
Grocery/Supermarket,Motor Vehicle Theft,1544
Grocery/Supermarket,Robbery,2414
Grocery/Supermarket,Stolen Property,940
Grocery/Supermarket,Animal Cruelty,67
Grocery/Supermarket,Drug/Narcotic,9510
Grocery/Supermarket,Gambling,7
Grocery/Supermarket,Pornography/Obscene Material,49
Grocery/Supermarket,Prostitution,19
Grocery/Supermarket,Weapon Law Violations,738
Highway/Road/Alley/Street/Sidewalk,Assault,240164
Highway/Road/Alley/Street/Sidewalk,Homicide,3288
Highway/Road/Alley/Street/Sidewalk,Human Trafficking,158
Highway/Road/Alley/Street/Sidewalk,Kidnapping_Abduction,3930
Highway/Road/Alley/Street/Sidewalk,Sex,4952
Highway/Road/Alley/Street/Sidewalk,Arson,2895
Highway/Road/Alley/Street/Sidewalk,Bribery,158
Highway/Road/Alley/Street/Sidewalk,Burglary/Breaking & Entering,2758
Highway/Road/Alley/Street/Sidewalk,Counterfeiting/Forgery,5687
Highway/Road/Alley/Street/Sidewalk,Destruction/Damage/Vandalism ,124915
Highway/Road/Alley/Street/Sidewalk,Embezzlement,313
Highway/Road/Alley/Street/Sidewalk,Extortion/Blackmail,113
Highway/Road/Alley/Street/Sidewalk,Fraud,18451
Highway/Road/Alley/Street/Sidewalk,Larceny/Theft,164377
Highway/Road/Alley/Street/Sidewalk,Motor Vehicle Theft,74375
Highway/Road/Alley/Street/Sidewalk,Robbery,25953
Highway/Road/Alley/Street/Sidewalk,Stolen Property,31501
Highway/Road/Alley/Street/Sidewalk,Animal Cruelty,900
Highway/Road/Alley/Street/Sidewalk,Drug/Narcotic,569424
Highway/Road/Alley/Street/Sidewalk,Gambling,97
Highway/Road/Alley/Street/Sidewalk,Pornography/Obscene Material,241
Highway/Road/Alley/Street/Sidewalk,Prostitution,2307
Highway/Road/Alley/Street/Sidewalk,Weapon Law Violations,89891
Hotel/Motel/Etc.,Assault,45140
Hotel/Motel/Etc.,Homicide,232
Hotel/Motel/Etc.,Human Trafficking,336
Hotel/Motel/Etc.,Kidnapping_Abduction,1301
Hotel/Motel/Etc.,Sex,4962
Hotel/Motel/Etc.,Arson,257
Hotel/Motel/Etc.,Bribery,18
Hotel/Motel/Etc.,Burglary/Breaking & Entering,5191
Hotel/Motel/Etc.,Counterfeiting/Forgery,1304
Hotel/Motel/Etc.,Destruction/Damage/Vandalism ,16198
Hotel/Motel/Etc.,Embezzlement,394
Hotel/Motel/Etc.,Extortion/Blackmail,72
Hotel/Motel/Etc.,Fraud,6859
Hotel/Motel/Etc.,Larceny/Theft,40009
Hotel/Motel/Etc.,Motor Vehicle Theft,8265
Hotel/Motel/Etc.,Robbery,3022
Hotel/Motel/Etc.,Stolen Property,2183
Hotel/Motel/Etc.,Animal Cruelty,101
Hotel/Motel/Etc.,Drug/Narcotic,30474
Hotel/Motel/Etc.,Gambling,1
Hotel/Motel/Etc.,Pornography/Obscene Material,179
Hotel/Motel/Etc.,Prostitution,2179
Hotel/Motel/Etc.,Weapon Law Violations,3423
Industrial Site,Assault,1437
Industrial Site,Homicide,5
Industrial Site,Human Trafficking,0
Industrial Site,Kidnapping_Abduction,9
Industrial Site,Sex,55
Industrial Site,Arson,46
Industrial Site,Bribery,1
Industrial Site,Burglary/Breaking & Entering,2033
Industrial Site,Counterfeiting/Forgery,73
Industrial Site,Destruction/Damage/Vandalism ,2410
Industrial Site,Embezzlement,146
Industrial Site,Extortion/Blackmail,3
Industrial Site,Fraud,362
Industrial Site,Larceny/Theft,5089
Industrial Site,Motor Vehicle Theft,850
Industrial Site,Robbery,26
Industrial Site,Stolen Property,86
Industrial Site,Animal Cruelty,2
Industrial Site,Drug/Narcotic,444
Industrial Site,Gambling,3
Industrial Site,Pornography/Obscene Material,3
Industrial Site,Prostitution,3
Industrial Site,Weapon Law Violations,62
Jail/Prison/Penit/Corr Facility,Assault,20057
Jail/Prison/Penit/Corr Facility,Homicide,27
Jail/Prison/Penit/Corr Facility,Human Trafficking,4
Jail/Prison/Penit/Corr Facility,Kidnapping_Abduction,32
Jail/Prison/Penit/Corr Facility,Sex,890
Jail/Prison/Penit/Corr Facility,Arson,86
Jail/Prison/Penit/Corr Facility,Bribery,32
Jail/Prison/Penit/Corr Facility,Burglary/Breaking & Entering,61
Jail/Prison/Penit/Corr Facility,Counterfeiting/Forgery,351
Jail/Prison/Penit/Corr Facility,Destruction/Damage/Vandalism ,3736
Jail/Prison/Penit/Corr Facility,Embezzlement,9
Jail/Prison/Penit/Corr Facility,Extortion/Blackmail,16
Jail/Prison/Penit/Corr Facility,Fraud,673
Jail/Prison/Penit/Corr Facility,Larceny/Theft,818
Jail/Prison/Penit/Corr Facility,Motor Vehicle Theft,47
Jail/Prison/Penit/Corr Facility,Robbery,38
Jail/Prison/Penit/Corr Facility,Stolen Property,88
Jail/Prison/Penit/Corr Facility,Animal Cruelty,1
Jail/Prison/Penit/Corr Facility,Drug/Narcotic,11429
Jail/Prison/Penit/Corr Facility,Gambling,1
Jail/Prison/Penit/Corr Facility,Pornography/Obscene Material,80
Jail/Prison/Penit/Corr Facility,Prostitution,9
Jail/Prison/Penit/Corr Facility,Weapon Law Violations,705
Lake/Waterway/Beach,Assault,1881
Lake/Waterway/Beach,Homicide,25
Lake/Waterway/Beach,Human Trafficking,1
Lake/Waterway/Beach,Kidnapping_Abduction,16
Lake/Waterway/Beach,Sex,253
Lake/Waterway/Beach,Arson,31
Lake/Waterway/Beach,Bribery,1
Lake/Waterway/Beach,Burglary/Breaking & Entering,141
Lake/Waterway/Beach,Counterfeiting/Forgery,13
Lake/Waterway/Beach,Destruction/Damage/Vandalism ,1068
Lake/Waterway/Beach,Embezzlement,4
Lake/Waterway/Beach,Extortion/Blackmail,3
Lake/Waterway/Beach,Fraud,88
Lake/Waterway/Beach,Larceny/Theft,3109
Lake/Waterway/Beach,Motor Vehicle Theft,192
Lake/Waterway/Beach,Robbery,54
Lake/Waterway/Beach,Stolen Property,83
Lake/Waterway/Beach,Animal Cruelty,30
Lake/Waterway/Beach,Drug/Narcotic,1441
Lake/Waterway/Beach,Gambling,0
Lake/Waterway/Beach,Pornography/Obscene Material,6
Lake/Waterway/Beach,Prostitution,3
Lake/Waterway/Beach,Weapon Law Violations,201
Liquor Store,Assault,1918
Liquor Store,Homicide,13
Liquor Store,Human Trafficking,0
Liquor Store,Kidnapping_Abduction,11
Liquor Store,Sex,32
Liquor Store,Arson,20
Liquor Store,Bribery,1
Liquor Store,Burglary/Breaking & Entering,1404
Liquor Store,Counterfeiting/Forgery,669
Liquor Store,Destruction/Damage/Vandalism ,1379
Liquor Store,Embezzlement,89
Liquor Store,Extortion/Blackmail,5
Liquor Store,Fraud,1073
Liquor Store,Larceny/Theft,9927
Liquor Store,Motor Vehicle Theft,300
Liquor Store,Robbery,554
Liquor Store,Stolen Property,63
Liquor Store,Animal Cruelty,1
Liquor Store,Drug/Narcotic,439
Liquor Store,Gambling,0
Liquor Store,Pornography/Obscene Material,4
Liquor Store,Prostitution,1
Liquor Store,Weapon Law Violations,236
Military Installation,Assault,61
Military Installation,Homicide,0
Military Installation,Human Trafficking,0
Military Installation,Kidnapping_Abduction,1
Military Installation,Sex,17
Military Installation,Arson,1
Military Installation,Bribery,0
Military Installation,Burglary/Breaking & Entering,12
Military Installation,Counterfeiting/Forgery,4
Military Installation,Destruction/Damage/Vandalism ,38
Military Installation,Embezzlement,0
Military Installation,Extortion/Blackmail,2
Military Installation,Fraud,24
Military Installation,Larceny/Theft,76
Military Installation,Motor Vehicle Theft,12
Military Installation,Robbery,0
Military Installation,Stolen Property,1
Military Installation,Animal Cruelty,1
Military Installation,Drug/Narcotic,48
Military Installation,Gambling,0
Military Installation,Pornography/Obscene Material,2
Military Installation,Prostitution,0
Military Installation,Weapon Law Violations,10
Park/Playground,Assault,15200
Park/Playground,Homicide,104
Park/Playground,Human Trafficking,16
Park/Playground,Kidnapping_Abduction,198
Park/Playground,Sex,1674
Park/Playground,Arson,591
Park/Playground,Bribery,3
Park/Playground,Burglary/Breaking & Entering,1084
Park/Playground,Counterfeiting/Forgery,105
Park/Playground,Destruction/Damage/Vandalism ,14091
Park/Playground,Embezzlement,13
Park/Playground,Extortion/Blackmail,12
Park/Playground,Fraud,994
Park/Playground,Larceny/Theft,14682
Park/Playground,Motor Vehicle Theft,996
Park/Playground,Robbery,1802
Park/Playground,Stolen Property,350
Park/Playground,Animal Cruelty,118
Park/Playground,Drug/Narcotic,10054
Park/Playground,Gambling,4
Park/Playground,Pornography/Obscene Material,60
Park/Playground,Prostitution,27
Park/Playground,Weapon Law Violations,1504
Parking/Drop Lot/Garage,Assault,90832
Parking/Drop Lot/Garage,Homicide,917
Parking/Drop Lot/Garage,Human Trafficking,35
Parking/Drop Lot/Garage,Kidnapping_Abduction,1277
Parking/Drop Lot/Garage,Sex,2686
Parking/Drop Lot/Garage,Arson,1460
Parking/Drop Lot/Garage,Bribery,38
Parking/Drop Lot/Garage,Burglary/Breaking & Entering,14814
Parking/Drop Lot/Garage,Counterfeiting/Forgery,1906
Parking/Drop Lot/Garage,Destruction/Damage/Vandalism ,133442
Parking/Drop Lot/Garage,Embezzlement,278
Parking/Drop Lot/Garage,Extortion/Blackmail,59
Parking/Drop Lot/Garage,Fraud,9685
Parking/Drop Lot/Garage,Larceny/Theft,304584
Parking/Drop Lot/Garage,Motor Vehicle Theft,90130
Parking/Drop Lot/Garage,Robbery,12865
Parking/Drop Lot/Garage,Stolen Property,8175
Parking/Drop Lot/Garage,Animal Cruelty,640
Parking/Drop Lot/Garage,Drug/Narcotic,92544
Parking/Drop Lot/Garage,Gambling,9
Parking/Drop Lot/Garage,Pornography/Obscene Material,130
Parking/Drop Lot/Garage,Prostitution,465
Parking/Drop Lot/Garage,Weapon Law Violations,14236
Rental Storage Facility,Assault,1992
Rental Storage Facility,Homicide,10
Rental Storage Facility,Human Trafficking,3
Rental Storage Facility,Kidnapping_Abduction,58
Rental Storage Facility,Sex,123
Rental Storage Facility,Arson,76
Rental Storage Facility,Bribery,1
Rental Storage Facility,Burglary/Breaking & Entering,23763
Rental Storage Facility,Counterfeiting/Forgery,104
Rental Storage Facility,Destruction/Damage/Vandalism ,8968
Rental Storage Facility,Embezzlement,109
Rental Storage Facility,Extortion/Blackmail,15
Rental Storage Facility,Fraud,1264
Rental Storage Facility,Larceny/Theft,12478
Rental Storage Facility,Motor Vehicle Theft,2640
Rental Storage Facility,Robbery,89
Rental Storage Facility,Stolen Property,390
Rental Storage Facility,Animal Cruelty,20
Rental Storage Facility,Drug/Narcotic,1322
Rental Storage Facility,Gambling,1
Rental Storage Facility,Pornography/Obscene Material,20
Rental Storage Facility,Prostitution,0
Rental Storage Facility,Weapon Law Violations,218
Residence/Home,Assault,1323177
Residence/Home,Homicide,5710
Residence/Home,Human Trafficking,625
Residence/Home,Kidnapping_Abduction,20721
Residence/Home,Sex,91344
Residence/Home,Arson,10503
Residence/Home,Bribery,222
Residence/Home,Burglary/Breaking & Entering,325518
Residence/Home,Counterfeiting/Forgery,16475
Residence/Home,Destruction/Damage/Vandalism ,481648
Residence/Home,Embezzlement,2898
Residence/Home,Extortion/Blackmail,5886
Residence/Home,Fraud,265702
Residence/Home,Larceny/Theft,886786
Residence/Home,Motor Vehicle Theft,162740
Residence/Home,Robbery,22130
Residence/Home,Stolen Property,14258
Residence/Home,Animal Cruelty,8160
Residence/Home,Drug/Narcotic,161151
Residence/Home,Gambling,173
Residence/Home,Pornography/Obscene Material,14679
Residence/Home,Prostitution,1022
Residence/Home,Weapon Law Violations,49612
Rest Area,Assault,949
Rest Area,Homicide,1
Rest Area,Human Trafficking,0
Rest Area,Kidnapping_Abduction,6
Rest Area,Sex,64
Rest Area,Arson,12
Rest Area,Bribery,0
Rest Area,Burglary/Breaking & Entering,63
Rest Area,Counterfeiting/Forgery,14
Rest Area,Destruction/Damage/Vandalism ,448
Rest Area,Embezzlement,2
Rest Area,Extortion/Blackmail,5
Rest Area,Fraud,72
Rest Area,Larceny/Theft,574
Rest Area,Motor Vehicle Theft,75
Rest Area,Robbery,38
Rest Area,Stolen Property,24
Rest Area,Animal Cruelty,0
Rest Area,Drug/Narcotic,435
Rest Area,Gambling,1
Rest Area,Pornography/Obscene Material,5
Rest Area,Prostitution,3
Rest Area,Weapon Law Violations,70
Restaurant,Assault,27193
Restaurant,Homicide,88
Restaurant,Human Trafficking,20
Restaurant,Kidnapping_Abduction,271
Restaurant,Sex,773
Restaurant,Arson,224
Restaurant,Bribery,7
Restaurant,Burglary/Breaking & Entering,12571
Restaurant,Counterfeiting/Forgery,7455
Restaurant,Destruction/Damage/Vandalism ,15202
Restaurant,Embezzlement,1749
Restaurant,Extortion/Blackmail,39
Restaurant,Fraud,13043
Restaurant,Larceny/Theft,30774
Restaurant,Motor Vehicle Theft,2310
Restaurant,Robbery,2898
Restaurant,Stolen Property,505
Restaurant,Animal Cruelty,36
Restaurant,Drug/Narcotic,6772
Restaurant,Gambling,24
Restaurant,Pornography/Obscene Material,81
Restaurant,Prostitution,34
Restaurant,Weapon Law Violations,1165
School/College,Assault,5501
School/College,Homicide,1
School/College,Human Trafficking,1
School/College,Kidnapping_Abduction,34
School/College,Sex,509
School/College,Arson,80
School/College,Bribery,4
School/College,Burglary/Breaking & Entering,834
School/College,Counterfeiting/Forgery,126
School/College,Destruction/Damage/Vandalism ,2883
School/College,Embezzlement,21
School/College,Extortion/Blackmail,22
School/College,Fraud,544
School/College,Larceny/Theft,3460
School/College,Motor Vehicle Theft,153
School/College,Robbery,68
School/College,Stolen Property,38
School/College,Animal Cruelty,5
School/College,Drug/Narcotic,3200
School/College,Gambling,3
School/College,Pornography/Obscene Material,181
School/College,Prostitution,3
School/College,Weapon Law Violations,344
School-College/University,Assault,3284
School-College/University,Homicide,4
School-College/University,Human Trafficking,0
School-College/University,Kidnapping_Abduction,48
School-College/University,Sex,544
School-College/University,Arson,87
School-College/University,Bribery,0
School-College/University,Burglary/Breaking & Entering,1305
School-College/University,Counterfeiting/Forgery,358
School-College/University,Destruction/Damage/Vandalism ,5429
School-College/University,Embezzlement,48
School-College/University,Extortion/Blackmail,115
School-College/University,Fraud,2059
School-College/University,Larceny/Theft,9340
School-College/University,Motor Vehicle Theft,422
School-College/University,Robbery,87
School-College/University,Stolen Property,110
School-College/University,Animal Cruelty,10
School-College/University,Drug/Narcotic,4176
School-College/University,Gambling,0
School-College/University,Pornography/Obscene Material,104
School-College/University,Prostitution,4
School-College/University,Weapon Law Violations,333
School-Elementary/Secondary,Assault,25589
School-Elementary/Secondary,Homicide,10
School-Elementary/Secondary,Human Trafficking,7
School-Elementary/Secondary,Kidnapping_Abduction,185
School-Elementary/Secondary,Sex,2377
School-Elementary/Secondary,Arson,347
School-Elementary/Secondary,Bribery,1
School-Elementary/Secondary,Burglary/Breaking & Entering,2862
School-Elementary/Secondary,Counterfeiting/Forgery,218
School-Elementary/Secondary,Destruction/Damage/Vandalism ,8179
School-Elementary/Secondary,Embezzlement,48
School-Elementary/Secondary,Extortion/Blackmail,38
School-Elementary/Secondary,Fraud,1206
School-Elementary/Secondary,Larceny/Theft,9237
School-Elementary/Secondary,Motor Vehicle Theft,342
School-Elementary/Secondary,Robbery,233
School-Elementary/Secondary,Stolen Property,166
School-Elementary/Secondary,Animal Cruelty,13
School-Elementary/Secondary,Drug/Narcotic,10813
School-Elementary/Secondary,Gambling,6
School-Elementary/Secondary,Pornography/Obscene Material,1175
School-Elementary/Secondary,Prostitution,7
School-Elementary/Secondary,Weapon Law Violations,2148
Service/Gas Station,Assault,17341
Service/Gas Station,Homicide,124
Service/Gas Station,Human Trafficking,7
Service/Gas Station,Kidnapping_Abduction,287
Service/Gas Station,Sex,274
Service/Gas Station,Arson,132
Service/Gas Station,Bribery,3
Service/Gas Station,Burglary/Breaking & Entering,4876
Service/Gas Station,Counterfeiting/Forgery,3909
Service/Gas Station,Destruction/Damage/Vandalism ,9511
Service/Gas Station,Embezzlement,869
Service/Gas Station,Extortion/Blackmail,28
Service/Gas Station,Fraud,10812
Service/Gas Station,Larceny/Theft,50414
Service/Gas Station,Motor Vehicle Theft,8424
Service/Gas Station,Robbery,4705
Service/Gas Station,Stolen Property,1420
Service/Gas Station,Animal Cruelty,20
Service/Gas Station,Drug/Narcotic,14559
Service/Gas Station,Gambling,30
Service/Gas Station,Pornography/Obscene Material,16
Service/Gas Station,Prostitution,55
Service/Gas Station,Weapon Law Violations,2194
Shelter-Mission/Homeless,Assault,3015
Shelter-Mission/Homeless,Homicide,7
Shelter-Mission/Homeless,Human Trafficking,2
Shelter-Mission/Homeless,Kidnapping_Abduction,13
Shelter-Mission/Homeless,Sex,159
Shelter-Mission/Homeless,Arson,13
Shelter-Mission/Homeless,Bribery,1
Shelter-Mission/Homeless,Burglary/Breaking & Entering,138
Shelter-Mission/Homeless,Counterfeiting/Forgery,15
Shelter-Mission/Homeless,Destruction/Damage/Vandalism ,500
Shelter-Mission/Homeless,Embezzlement,12
Shelter-Mission/Homeless,Extortion/Blackmail,4
Shelter-Mission/Homeless,Fraud,139
Shelter-Mission/Homeless,Larceny/Theft,1720
Shelter-Mission/Homeless,Motor Vehicle Theft,62
Shelter-Mission/Homeless,Robbery,77
Shelter-Mission/Homeless,Stolen Property,26
Shelter-Mission/Homeless,Animal Cruelty,8
Shelter-Mission/Homeless,Drug/Narcotic,447
Shelter-Mission/Homeless,Gambling,0
Shelter-Mission/Homeless,Pornography/Obscene Material,10
Shelter-Mission/Homeless,Prostitution,2
Shelter-Mission/Homeless,Weapon Law Violations,34
Shopping Mall,Assault,2720
Shopping Mall,Homicide,15
Shopping Mall,Human Trafficking,2
Shopping Mall,Kidnapping_Abduction,33
Shopping Mall,Sex,133
Shopping Mall,Arson,32
Shopping Mall,Bribery,2
Shopping Mall,Burglary/Breaking & Entering,719
Shopping Mall,Counterfeiting/Forgery,265
Shopping Mall,Destruction/Damage/Vandalism ,1567
Shopping Mall,Embezzlement,112
Shopping Mall,Extortion/Blackmail,4
Shopping Mall,Fraud,1823
Shopping Mall,Larceny/Theft,15766
Shopping Mall,Motor Vehicle Theft,524
Shopping Mall,Robbery,427
Shopping Mall,Stolen Property,259
Shopping Mall,Animal Cruelty,26
Shopping Mall,Drug/Narcotic,1439
Shopping Mall,Gambling,16
Shopping Mall,Pornography/Obscene Material,13
Shopping Mall,Prostitution,16
Shopping Mall,Weapon Law Violations,272
Specialty Store,Assault,8879
Specialty Store,Homicide,26
Specialty Store,Human Trafficking,3
Specialty Store,Kidnapping_Abduction,113
Specialty Store,Sex,342
Specialty Store,Arson,170
Specialty Store,Bribery,3
Specialty Store,Burglary/Breaking & Entering,14941
Specialty Store,Counterfeiting/Forgery,3889
Specialty Store,Destruction/Damage/Vandalism ,14732
Specialty Store,Embezzlement,1492
Specialty Store,Extortion/Blackmail,36
Specialty Store,Fraud,18930
Specialty Store,Larceny/Theft,79846
Specialty Store,Motor Vehicle Theft,3500
Specialty Store,Robbery,2816
Specialty Store,Stolen Property,1392
Specialty Store,Animal Cruelty,43
Specialty Store,Drug/Narcotic,4370
Specialty Store,Gambling,40
Specialty Store,Pornography/Obscene Material,52
Specialty Store,Prostitution,51
Specialty Store,Weapon Law Violations,2604
Tribal Lands,Assault,99
Tribal Lands,Homicide,0
Tribal Lands,Human Trafficking,1
Tribal Lands,Kidnapping_Abduction,1
Tribal Lands,Sex,12
Tribal Lands,Arson,1
Tribal Lands,Bribery,0
Tribal Lands,Burglary/Breaking & Entering,20
Tribal Lands,Counterfeiting/Forgery,5
Tribal Lands,Destruction/Damage/Vandalism ,58
Tribal Lands,Embezzlement,1
Tribal Lands,Extortion/Blackmail,0
Tribal Lands,Fraud,29
Tribal Lands,Larceny/Theft,125
Tribal Lands,Motor Vehicle Theft,27
Tribal Lands,Robbery,4
Tribal Lands,Stolen Property,6
Tribal Lands,Animal Cruelty,0
Tribal Lands,Drug/Narcotic,60
Tribal Lands,Gambling,1
Tribal Lands,Pornography/Obscene Material,0
Tribal Lands,Prostitution,0
Tribal Lands,Weapon Law Violations,11
Other/Unknown,Assault,57502
Other/Unknown,Homicide,372
Other/Unknown,Human Trafficking,195
Other/Unknown,Kidnapping_Abduction,918
Other/Unknown,Sex,6582
Other/Unknown,Arson,1096
Other/Unknown,Bribery,29
Other/Unknown,Burglary/Breaking & Entering,27350
Other/Unknown,Counterfeiting/Forgery,8220
Other/Unknown,Destruction/Damage/Vandalism ,46179
Other/Unknown,Embezzlement,1274
Other/Unknown,Extortion/Blackmail,695
Other/Unknown,Fraud,90354
Other/Unknown,Larceny/Theft,117217
Other/Unknown,Motor Vehicle Theft,13669
Other/Unknown,Robbery,2873
Other/Unknown,Stolen Property,3080
Other/Unknown,Animal Cruelty,549
Other/Unknown,Drug/Narcotic,29096
Other/Unknown,Gambling,132
Other/Unknown,Pornography/Obscene Material,3029
Other/Unknown,Prostitution,379
Other/Unknown,Weapon Law Violations,5109
